,PassengerId,Pclass,Sex,Age,SibSp,Parch,Fare,Ticket_Num,Cabin_Num,Embarked_C,Embarked_Q,Embarked_S,Cabin_Alpha_A,Cabin_Alpha_B,Cabin_Alpha_C,Cabin_Alpha_D,Cabin_Alpha_E,Cabin_Alpha_F,Cabin_Alpha_G,Cabin_Alpha_N,Title_ Col,Title_ Dr,Title_ Master,Title_ Miss,Title_ Mr,Title_ Mrs,Title_ Ms,Title_ Rev,Survived
0,892,3,0,34.5,0,0,7.8292,330911,0,0,1,0,0,0,0,0,0,0,0,1,0,0,0,0,1,0,0,0,0
1,893,3,1,47.0,1,0,7.0,363272,0,0,0,1,0,0,0,0,0,0,0,1,0,0,0,0,0,1,0,0,0
2,894,2,0,62.0,0,0,9.6875,240276,0,0,1,0,0,0,0,0,0,0,0,1,0,0,0,0,1,0,0,0,0
3,895,3,0,27.0,0,0,8.6625,315154,0,0,0,1,0,0,0,0,0,0,0,1,0,0,0,0,1,0,0,0,0
4,896,3,1,22.0,1,1,12.2875,3101298,0,0,0,1,0,0,0,0,0,0,0,1,0,0,0,0,0,1,0,0,1
5,897,3,0,14.0,0,0,9.225,7538,0,0,0,1,0,0,0,0,0,0,0,1,0,0,0,0,1,0,0,0,0
6,898,3,1,30.0,0,0,7.6292,330972,0,0,1,0,0,0,0,0,0,0,0,1,0,0,0,1,0,0,0,0,0
7,899,2,0,26.0,1,1,29.0,248738,0,0,0,1,0,0,0,0,0,0,0,1,0,0,0,0,1,0,0,0,0
8,900,3,1,18.0,0,0,7.2292,2657,0,1,0,0,0,0,0,0,0,0,0,1,0,0,0,0,0,1,0,0,1
9,901,3,0,21.0,2,0,24.15,48871,0,0,0,1,0,0,0,0,0,0,0,1,0,0,0,0,1,0,0,0,0
10,902,3,0,30.272590361445783,0,0,7.8958,349220,0,0,0,1,0,0,0,0,0,0,0,1,0,0,0,0,1,0,0,0,0
11,903,1,0,46.0,0,0,26.0,694,0,0,0,1,0,0,0,0,0,0,0,1,0,0,0,0,1,0,0,0,0
12,904,1,1,23.0,1,0,82.2667,21228,45,0,0,1,0,1,0,0,0,0,0,0,0,0,0,0,0,1,0,0,1
13,905,2,0,63.0,1,0,26.0,24065,0,0,0,1,0,0,0,0,0,0,0,1,0,0,0,0,1,0,0,0,0
14,906,1,1,47.0,1,0,61.175,5734,31,0,0,1,0,0,0,0,1,0,0,0,0,0,0,0,0,1,0,0,1
15,907,2,1,24.0,1,0,27.7208,2167,0,1,0,0,0,0,0,0,0,0,0,1,0,0,0,0,0,1,0,0,1
16,908,2,0,35.0,0,0,12.35,233734,0,0,1,0,0,0,0,0,0,0,0,1,0,0,0,0,1,0,0,0,0
17,909,3,0,21.0,0,0,7.225,2692,0,1,0,0,0,0,0,0,0,0,0,1,0,0,0,0,1,0,0,0,0
18,910,3,1,27.0,1,0,7.925,3101270,0,0,0,1,0,0,0,0,0,0,0,1,0,0,0,1,0,0,0,0,0
19,911,3,1,45.0,0,0,7.225,2696,0,1,0,0,0,0,0,0,0,0,0,1,0,0,0,0,0,1,0,0,1
20,912,1,0,55.0,1,0,59.4,17603,0,1,0,0,0,0,0,0,0,0,0,1,0,0,0,0,1,0,0,0,0
21,913,3,0,9.0,0,1,3.1708,17368,0,0,0,1,0,0,0,0,0,0,0,1,0,0,1,0,0,0,0,0,1
22,914,1,1,30.272590361445783,0,0,31.6833,17598,0,0,0,1,0,0,0,0,0,0,0,1,0,0,0,0,0,1,0,0,1
23,915,1,0,21.0,0,1,61.3792,17597,0,1,0,0,0,0,0,0,0,0,0,1,0,0,0,0,1,0,0,0,0
24,916,1,1,48.0,1,3,262.375,17608,57,1,0,0,0,1,0,0,0,0,0,0,0,0,0,0,0,1,0,0,1
25,917,3,0,50.0,1,0,14.5,3337,0,0,0,1,0,0,0,0,0,0,0,1,0,0,0,0,1,0,0,0,0
26,918,1,1,22.0,0,1,61.9792,113509,36,1,0,0,0,1,0,0,0,0,0,0,0,0,0,1,0,0,0,0,1
27,919,3,0,22.5,0,0,7.225,2698,0,1,0,0,0,0,0,0,0,0,0,1,0,0,0,0,1,0,0,0,0
28,920,1,0,41.0,0,0,30.5,113054,21,0,0,1,1,0,0,0,0,0,0,0,0,0,0,0,1,0,0,0,0
29,921,3,0,30.272590361445783,2,0,21.6792,2662,0,1,0,0,0,0,0,0,0,0,0,1,0,0,0,0,1,0,0,0,0
30,922,2,0,50.0,1,0,26.0,3085,0,0,0,1,0,0,0,0,0,0,0,1,0,0,0,0,1,0,0,0,0
31,923,2,0,24.0,2,0,31.5,31029,0,0,0,1,0,0,0,0,0,0,0,1,0,0,0,0,1,0,0,0,0
32,924,3,1,33.0,1,2,20.575,2315,0,0,0,1,0,0,0,0,0,0,0,1,0,0,0,0,0,1,0,0,1
33,925,3,1,30.272590361445783,1,2,23.45,6607,0,0,0,1,0,0,0,0,0,0,0,1,0,0,0,0,0,1,0,0,1
34,926,1,0,30.0,1,0,57.75,13236,78,1,0,0,0,0,1,0,0,0,0,0,0,0,0,0,1,0,0,0,1
35,927,3,0,18.5,0,0,7.2292,2682,0,1,0,0,0,0,0,0,0,0,0,1,0,0,0,0,1,0,0,0,0
36,928,3,1,30.272590361445783,0,0,8.05,342712,0,0,0,1,0,0,0,0,0,0,0,1,0,0,0,1,0,0,0,0,0
37,929,3,1,21.0,0,0,8.6625,315087,0,0,0,1,0,0,0,0,0,0,0,1,0,0,0,1,0,0,0,0,0
38,930,3,0,25.0,0,0,9.5,345768,0,0,0,1,0,0,0,0,0,0,0,1,0,0,0,0,1,0,0,0,0
39,931,3,0,30.272590361445783,0,0,56.4958,1601,0,0,0,1,0,0,0,0,0,0,0,1,0,0,0,0,1,0,0,0,1
40,932,3,0,39.0,0,1,13.4167,349256,0,1,0,0,0,0,0,0,0,0,0,1,0,0,0,0,1,0,0,0,0
41,933,1,0,30.272590361445783,0,0,26.55,113778,34,0,0,1,0,0,0,1,0,0,0,0,0,0,0,0,1,0,0,0,0
42,934,3,0,41.0,0,0,7.85,3101263,0,0,0,1,0,0,0,0,0,0,0,1,0,0,0,0,1,0,0,0,0
43,935,2,1,30.0,0,0,13.0,237249,0,0,0,1,0,0,0,0,0,0,0,1,0,0,0,0,0,1,0,0,1
44,936,1,1,45.0,1,0,52.5542,11753,19,0,0,1,0,0,0,1,0,0,0,0,0,0,0,0,0,1,0,0,1
45,937,3,0,25.0,0,0,7.925,3101291,0,0,0,1,0,0,0,0,0,0,0,1,0,0,0,0,1,0,0,0,0
46,938,1,0,45.0,0,0,29.7,17594,9,1,0,0,1,0,0,0,0,0,0,0,0,0,0,0,1,0,0,0,0
47,939,3,0,30.272590361445783,0,0,7.75,370374,0,0,1,0,0,0,0,0,0,0,0,1,0,0,0,0,1,0,0,0,0
48,940,1,1,60.0,0,0,76.2917,11813,15,1,0,0,0,0,0,1,0,0,0,0,0,0,0,0,0,1,0,0,1
49,941,3,1,36.0,0,2,15.9,37671,0,0,0,1,0,0,0,0,0,0,0,1,0,0,0,0,0,1,0,0,1
50,942,1,0,24.0,1,0,60.0,13695,31,0,0,1,0,0,1,0,0,0,0,0,0,0,0,0,1,0,0,0,1
51,943,2,0,27.0,0,0,15.0333,2168,0,1,0,0,0,0,0,0,0,0,0,1,0,0,0,0,1,0,0,0,0
52,944,2,1,20.0,2,1,23.0,29105,0,0,0,1,0,0,0,0,0,0,0,1,0,0,0,1,0,0,0,0,1
53,945,1,1,28.0,3,2,263.0,19950,23,0,0,1,0,0,1,0,0,0,0,0,0,0,0,1,0,0,0,0,1
54,946,2,0,30.272590361445783,0,0,15.5792,2861,0,1,0,0,0,0,0,0,0,0,0,1,0,0,0,0,1,0,0,0,0
55,947,3,0,10.0,4,1,29.125,382652,0,0,1,0,0,0,0,0,0,0,0,1,0,0,1,0,0,0,0,0,0
56,948,3,0,35.0,0,0,7.8958,349230,0,0,0,1,0,0,0,0,0,0,0,1,0,0,0,0,1,0,0,0,0
57,949,3,0,25.0,0,0,7.65,348122,0,0,0,1,0,0,0,0,0,1,0,0,0,0,0,0,1,0,0,0,0
58,950,3,0,30.272590361445783,1,0,16.1,386525,0,0,0,1,0,0,0,0,0,0,0,1,0,0,0,0,1,0,0,0,0
59,951,1,1,36.0,0,0,262.375,17608,61,1,0,0,0,1,0,0,0,0,0,0,0,0,0,1,0,0,0,0,1
60,952,3,0,17.0,0,0,7.8958,349232,0,0,0,1,0,0,0,0,0,0,0,1,0,0,0,0,1,0,0,0,0
61,953,2,0,32.0,0,0,13.5,237216,0,0,0,1,0,0,0,0,0,0,0,1,0,0,0,0,1,0,0,0,0
62,954,3,0,18.0,0,0,7.75,347090,0,0,0,1,0,0,0,0,0,0,0,1,0,0,0,0,1,0,0,0,0
63,955,3,1,22.0,0,0,7.725,334914,0,0,1,0,0,0,0,0,0,0,0,1,0,0,0,1,0,0,0,0,1
64,956,1,0,13.0,2,2,262.375,17608,57,1,0,0,0,1,0,0,0,0,0,0,0,0,1,0,0,0,0,0,1
65,957,2,1,30.272590361445783,0,0,21.0,13534,0,0,0,1,0,0,0,0,0,0,0,1,0,0,0,0,0,1,0,0,1
66,958,3,1,18.0,0,0,7.8792,330963,0,0,1,0,0,0,0,0,0,0,0,1,0,0,0,1,0,0,0,0,1
67,959,1,0,47.0,0,0,42.4,113796,0,0,0,1,0,0,0,0,0,0,0,1,0,0,0,0,1,0,0,0,0
68,960,1,0,31.0,0,0,28.5375,2543,53,1,0,0,0,0,1,0,0,0,0,0,0,0,0,0,1,0,0,0,1
69,961,1,1,60.0,1,4,263.0,19950,23,0,0,1,0,0,1,0,0,0,0,0,0,0,0,0,0,1,0,0,1
70,962,3,1,24.0,0,0,7.75,382653,0,0,1,0,0,0,0,0,0,0,0,1,0,0,0,1,0,0,0,0,0
71,963,3,0,21.0,0,0,7.8958,349211,0,0,0,1,0,0,0,0,0,0,0,1,0,0,0,0,1,0,0,0,0
72,964,3,1,29.0,0,0,7.925,3101297,0,0,0,1,0,0,0,0,0,0,0,1,0,0,0,1,0,0,0,0,0
73,965,1,0,28.5,0,0,27.7208,17562,43,1,0,0,0,0,0,1,0,0,0,0,0,0,0,0,1,0,0,0,1
74,966,1,1,35.0,0,0,211.5,113503,130,1,0,0,0,0,1,0,0,0,0,0,0,0,0,1,0,0,0,0,1
75,967,1,0,32.5,0,0,211.5,113503,132,1,0,0,0,0,1,0,0,0,0,0,0,0,0,0,1,0,0,0,0
76,968,3,0,30.272590361445783,0,0,8.05,359306,0,0,0,1,0,0,0,0,0,0,0,1,0,0,0,0,1,0,0,0,0
77,969,1,1,55.0,2,0,25.7,11770,101,0,0,1,0,0,1,0,0,0,0,0,0,0,0,0,0,1,0,0,1
78,970,2,0,30.0,0,0,13.0,248744,0,0,0,1,0,0,0,0,0,0,0,1,0,0,0,0,1,0,0,0,0
79,971,3,1,24.0,0,0,7.75,368702,0,0,1,0,0,0,0,0,0,0,0,1,0,0,0,1,0,0,0,0,1
80,972,3,0,6.0,1,1,15.2458,2678,0,1,0,0,0,0,0,0,0,0,0,1,0,0,1,0,0,0,0,0,1
81,973,1,0,67.0,1,0,221.7792,17483,55,0,0,1,0,0,1,0,0,0,0,0,0,0,0,0,1,0,0,0,0
82,974,1,0,49.0,0,0,26.0,19924,0,0,0,1,0,0,0,0,0,0,0,1,0,0,0,0,1,0,0,0,0
83,975,3,0,30.272590361445783,0,0,7.8958,349238,0,0,0,1,0,0,0,0,0,0,0,1,0,0,0,0,1,0,0,0,0
84,976,2,0,30.272590361445783,0,0,10.7083,240261,0,0,1,0,0,0,0,0,0,0,0,1,0,0,0,0,1,0,0,0,0
85,977,3,0,30.272590361445783,1,0,14.4542,2660,0,1,0,0,0,0,0,0,0,0,0,1,0,0,0,0,1,0,0,0,0
86,978,3,1,27.0,0,0,7.8792,330844,0,0,1,0,0,0,0,0,0,0,0,1,0,0,0,1,0,0,0,0,1
87,979,3,1,18.0,0,0,8.05,31416,0,0,0,1,0,0,0,0,0,0,0,1,0,0,0,1,0,0,0,0,1
88,980,3,1,30.272590361445783,0,0,7.75,364856,0,0,1,0,0,0,0,0,0,0,0,1,0,0,0,0,0,0,1,0,0
89,981,2,0,2.0,1,1,23.0,29103,0,0,0,1,0,0,0,0,0,0,0,1,0,0,1,0,0,0,0,0,1
90,982,3,1,22.0,1,0,13.9,347072,0,0,0,1,0,0,0,0,0,0,0,1,0,0,0,0,0,1,0,0,1
91,983,3,0,30.272590361445783,0,0,7.775,345498,0,0,0,1,0,0,0,0,0,0,0,1,0,0,0,0,1,0,0,0,0
92,984,1,1,27.0,1,2,52.0,12750,71,0,0,1,0,1,0,0,0,0,0,0,0,0,0,0,0,1,0,0,1
93,985,3,0,30.272590361445783,0,0,8.05,376563,0,0,0,1,0,0,0,0,0,0,0,1,0,0,0,0,1,0,0,0,0
94,986,1,0,25.0,0,0,26.0,13905,0,1,0,0,0,0,0,0,0,0,0,1,0,0,0,0,1,0,0,0,0
95,987,3,0,25.0,0,0,7.7958,350033,0,0,0,1,0,0,0,0,0,0,0,1,0,0,0,0,1,0,0,0,0
96,988,1,1,76.0,1,0,78.85,19877,46,0,0,1,0,0,1,0,0,0,0,0,0,0,0,0,0,1,0,0,1
97,989,3,0,29.0,0,0,7.925,3101268,0,0,0,1,0,0,0,0,0,0,0,1,0,0,0,0,1,0,0,0,0
98,990,3,1,20.0,0,0,7.8542,347471,0,0,0,1,0,0,0,0,0,0,0,1,0,0,0,1,0,0,0,0,1
99,991,3,0,33.0,0,0,8.05,3338,0,0,0,1,0,0,0,0,0,0,0,1,0,0,0,0,1,0,0,0,0
100,992,1,1,43.0,1,0,55.4417,11778,116,1,0,0,0,0,1,0,0,0,0,0,0,0,0,0,0,1,0,0,1
101,993,2,0,27.0,1,0,26.0,228414,0,0,0,1,0,0,0,0,0,0,0,1,0,0,0,0,1,0,0,0,0
102,994,3,0,30.272590361445783,0,0,7.75,365235,0,0,1,0,0,0,0,0,0,0,0,1,0,0,0,0,1,0,0,0,0
103,995,3,0,26.0,0,0,7.775,347070,0,0,0,1,0,0,0,0,0,0,0,1,0,0,0,0,1,0,0,0,0
104,996,3,1,16.0,1,1,8.5167,2625,0,1,0,0,0,0,0,0,0,0,0,1,0,0,0,0,0,1,0,0,1
105,997,3,0,28.0,0,0,22.525,4001,0,0,0,1,0,0,0,0,0,0,0,1,0,0,0,0,1,0,0,0,0
106,998,3,0,21.0,0,0,7.8208,330920,0,0,1,0,0,0,0,0,0,0,0,1,0,0,0,0,1,0,0,0,0
107,999,3,0,30.272590361445783,0,0,7.75,383162,0,0,1,0,0,0,0,0,0,0,0,1,0,0,0,0,1,0,0,0,0
108,1000,3,0,30.272590361445783,0,0,8.7125,3410,0,0,0,1,0,0,0,0,0,0,0,1,0,0,0,0,1,0,0,0,0
109,1001,2,0,18.5,0,0,13.0,248734,0,0,0,1,0,0,0,0,0,1,0,0,0,0,0,0,1,0,0,0,0
110,1002,2,0,41.0,0,0,15.0458,237734,0,1,0,0,0,0,0,0,0,0,0,1,0,0,0,0,1,0,0,0,0
111,1003,3,1,30.272590361445783,0,0,7.7792,330968,0,0,1,0,0,0,0,0,0,0,0,1,0,0,0,1,0,0,0,0,0
112,1004,1,1,36.0,0,0,31.6792,17531,29,1,0,0,1,0,0,0,0,0,0,0,0,0,0,1,0,0,0,0,1
113,1005,3,1,18.5,0,0,7.2833,329944,0,0,1,0,0,0,0,0,0,0,0,1,0,0,0,1,0,0,0,0,0
114,1006,1,1,63.0,1,0,221.7792,17483,55,0,0,1,0,0,1,0,0,0,0,0,0,0,0,0,0,1,0,0,1
115,1007,3,0,18.0,1,0,14.4542,2680,0,1,0,0,0,0,0,0,0,0,0,1,0,0,0,0,1,0,0,0,0
116,1008,3,0,30.272590361445783,0,0,6.4375,2681,0,1,0,0,0,0,0,0,0,0,0,1,0,0,0,0,1,0,0,0,0
117,1009,3,1,1.0,1,1,16.7,9549,6,0,0,1,0,0,0,0,0,0,1,0,0,0,0,1,0,0,0,0,1
118,1010,1,0,36.0,0,0,75.2417,13050,6,1,0,0,0,0,1,0,0,0,0,0,0,0,0,0,1,0,0,0,0
119,1011,2,1,29.0,1,0,26.0,29037,0,0,0,1,0,0,0,0,0,0,0,1,0,0,0,0,0,1,0,0,1
120,1012,2,1,12.0,0,0,15.75,33595,0,0,0,1,0,0,0,0,0,0,0,1,0,0,0,1,0,0,0,0,1
121,1013,3,0,30.272590361445783,1,0,7.75,367227,0,0,1,0,0,0,0,0,0,0,0,1,0,0,0,0,1,0,0,0,0
122,1014,1,1,35.0,1,0,57.75,13236,28,1,0,0,0,0,1,0,0,0,0,0,0,0,0,0,0,1,0,0,1
123,1015,3,0,28.0,0,0,7.25,392095,0,0,0,1,0,0,0,0,0,0,0,1,0,0,0,0,1,0,0,0,0
124,1016,3,0,30.272590361445783,0,0,7.75,368783,0,0,1,0,0,0,0,0,0,0,0,1,0,0,0,0,1,0,0,0,0
125,1017,3,1,17.0,0,1,16.1,371362,0,0,0,1,0,0,0,0,0,0,0,1,0,0,0,1,0,0,0,0,1
126,1018,3,0,22.0,0,0,7.7958,350045,0,0,0,1,0,0,0,0,0,0,0,1,0,0,0,0,1,0,0,0,0
127,1019,3,1,30.272590361445783,2,0,23.25,367226,0,0,1,0,0,0,0,0,0,0,0,1,0,0,0,1,0,0,0,0,1
128,1020,2,0,42.0,0,0,13.0,211535,0,0,0,1,0,0,0,0,0,0,0,1,0,0,0,0,1,0,0,0,0
129,1021,3,0,24.0,0,0,8.05,342441,0,0,0,1,0,0,0,0,0,0,0,1,0,0,0,0,1,0,0,0,0
130,1022,3,0,32.0,0,0,8.05,369943,0,0,0,1,0,0,0,0,0,0,0,1,0,0,0,0,1,0,0,0,0
131,1023,1,0,53.0,0,0,28.5,113780,51,1,0,0,0,0,1,0,0,0,0,0,1,0,0,0,0,0,0,0,1
132,1024,3,1,30.272590361445783,0,4,25.4667,4133,0,0,0,1,0,0,0,0,0,0,0,1,0,0,0,0,0,1,0,0,0
133,1025,3,0,30.272590361445783,1,0,6.4375,2621,0,1,0,0,0,0,0,0,0,0,0,1,0,0,0,0,1,0,0,0,0
134,1026,3,0,43.0,0,0,7.8958,349226,0,0,0,1,0,0,0,0,0,0,0,1,0,0,0,0,1,0,0,0,0
135,1027,3,0,24.0,0,0,7.8542,350409,0,0,0,1,0,0,0,0,0,0,0,1,0,0,0,0,1,0,0,0,0
136,1028,3,0,26.5,0,0,7.225,2656,0,1,0,0,0,0,0,0,0,0,0,1,0,0,0,0,1,0,0,0,0
137,1029,2,0,26.0,0,0,13.0,248659,0,0,0,1,0,0,0,0,0,0,0,1,0,0,0,0,1,0,0,0,0
138,1030,3,1,23.0,0,0,8.05,392083,0,0,0,1,0,0,0,0,0,0,0,1,0,0,0,1,0,0,0,0,0
139,1031,3,0,40.0,1,6,46.9,2144,0,0,0,1,0,0,0,0,0,0,0,1,0,0,0,0,1,0,0,0,0
140,1032,3,1,10.0,5,2,46.9,2144,0,0,0,1,0,0,0,0,0,0,0,1,0,0,0,1,0,0,0,0,0
141,1033,1,1,33.0,0,0,151.55,113781,0,0,0,1,0,0,0,0,0,0,0,1,0,0,0,1,0,0,0,0,1
142,1034,1,0,61.0,1,3,262.375,17608,57,1,0,0,0,1,0,0,0,0,0,0,0,0,0,0,1,0,0,0,1
143,1035,2,0,28.0,0,0,26.0,244358,0,0,0,1,0,0,0,0,0,0,0,1,0,0,0,0,1,0,0,0,0
144,1036,1,0,42.0,0,0,26.55,17475,0,0,0,1,0,0,0,0,0,0,0,1,0,0,0,0,1,0,0,0,0
145,1037,3,0,31.0,3,0,18.0,345763,0,0,0,1,0,0,0,0,0,0,0,1,0,0,0,0,1,0,0,0,0
146,1038,1,0,30.272590361445783,0,0,51.8625,17463,46,0,0,1,0,0,0,0,1,0,0,0,0,0,0,0,1,0,0,0,1
147,1039,3,0,22.0,0,0,8.05,23568,0,0,0,1,0,0,0,0,0,0,0,1,0,0,0,0,1,0,0,0,0
148,1040,1,0,30.272590361445783,0,0,26.55,113791,0,0,0,1,0,0,0,0,0,0,0,1,0,0,0,0,1,0,0,0,0
149,1041,2,0,30.0,1,1,26.0,250651,0,0,0,1,0,0,0,0,0,0,0,1,0,0,0,0,0,0,0,1,0
150,1042,1,1,23.0,0,1,83.1583,11767,54,1,0,0,0,0,1,0,0,0,0,0,0,0,0,0,0,1,0,0,1
151,1043,3,0,30.272590361445783,0,0,7.8958,349255,0,1,0,0,0,0,0,0,0,0,0,1,0,0,0,0,1,0,0,0,0
152,1044,3,0,60.5,0,0,35.627188489208635,3701,0,0,0,1,0,0,0,0,0,0,0,1,0,0,0,0,1,0,0,0,0
153,1045,3,1,36.0,0,2,12.1833,350405,0,0,0,1,0,0,0,0,0,0,0,1,0,0,0,0,0,1,0,0,1
154,1046,3,0,13.0,4,2,31.3875,347077,0,0,0,1,0,0,0,0,0,0,0,1,0,0,1,0,0,0,0,0,0
155,1047,3,0,24.0,0,0,7.55,752,0,0,0,1,0,0,0,0,0,0,0,1,0,0,0,0,1,0,0,0,0
156,1048,1,1,29.0,0,0,221.7792,17483,97,0,0,1,0,0,1,0,0,0,0,0,0,0,0,1,0,0,0,0,1
157,1049,3,1,23.0,0,0,7.8542,347469,0,0,0,1,0,0,0,0,0,0,0,1,0,0,0,1,0,0,0,0,1
158,1050,1,0,42.0,0,0,26.55,110489,22,0,0,1,0,0,0,1,0,0,0,0,0,0,0,0,1,0,0,0,0
159,1051,3,1,26.0,0,2,13.775,3101315,0,0,0,1,0,0,0,0,0,0,0,1,0,0,0,0,0,1,0,0,1
160,1052,3,1,30.272590361445783,0,0,7.7333,335432,0,0,1,0,0,0,0,0,0,0,0,1,0,0,0,1,0,0,0,0,0
161,1053,3,0,7.0,1,1,15.2458,2650,0,1,0,0,0,0,0,0,0,0,0,1,0,0,1,0,0,0,0,0,1
162,1054,2,1,26.0,0,0,13.5,220844,0,0,0,1,0,0,0,0,0,0,0,1,0,0,0,1,0,0,0,0,1
163,1055,3,0,30.272590361445783,0,0,7.0,343271,0,0,0,1,0,0,0,0,0,0,0,1,0,0,0,0,1,0,0,0,0
164,1056,2,0,41.0,0,0,13.0,237393,0,0,0,1,0,0,0,0,0,0,0,1,0,0,0,0,0,0,0,1,0
165,1057,3,1,26.0,1,1,22.025,315153,0,0,0,1,0,0,0,0,0,0,0,1,0,0,0,0,0,1,0,0,1
166,1058,1,0,48.0,0,0,50.4958,17591,10,1,0,0,0,1,0,0,0,0,0,0,0,0,0,0,1,0,0,0,0
167,1059,3,0,18.0,2,2,34.375,6608,0,0,0,1,0,0,0,0,0,0,0,1,0,0,0,0,1,0,0,0,0
168,1060,1,1,30.272590361445783,0,0,27.7208,17770,0,1,0,0,0,0,0,0,0,0,0,1,0,0,0,0,0,1,0,0,1
169,1061,3,1,22.0,0,0,8.9625,7548,0,0,0,1,0,0,0,0,0,0,0,1,0,0,0,1,0,0,0,0,0
170,1062,3,0,30.272590361445783,0,0,7.55,251,0,0,0,1,0,0,0,0,0,0,0,1,0,0,0,0,1,0,0,0,0
171,1063,3,0,27.0,0,0,7.225,2670,0,1,0,0,0,0,0,0,0,0,0,1,0,0,0,0,1,0,0,0,0
172,1064,3,0,23.0,1,0,13.9,347072,0,0,0,1,0,0,0,0,0,0,0,1,0,0,0,0,1,0,0,0,0
173,1065,3,0,30.272590361445783,0,0,7.2292,2673,0,1,0,0,0,0,0,0,0,0,0,1,0,0,0,0,1,0,0,0,0
174,1066,3,0,40.0,1,5,31.3875,347077,0,0,0,1,0,0,0,0,0,0,0,1,0,0,0,0,1,0,0,0,0
175,1067,2,1,15.0,0,2,39.0,29750,0,0,0,1,0,0,0,0,0,0,0,1,0,0,0,1,0,0,0,0,1
176,1068,2,1,20.0,0,0,36.75,33112,0,0,0,1,0,0,0,0,0,0,0,1,0,0,0,1,0,0,0,0,1
177,1069,1,0,54.0,1,0,55.4417,11778,116,1,0,0,0,0,1,0,0,0,0,0,0,0,0,0,1,0,0,0,1
178,1070,2,1,36.0,0,3,39.0,230136,4,0,0,1,0,0,0,0,0,1,0,0,0,0,0,0,0,1,0,0,1
179,1071,1,1,64.0,0,2,83.1583,17756,45,1,0,0,0,0,0,0,1,0,0,0,0,0,0,0,0,1,0,0,1
180,1072,2,0,30.0,0,0,13.0,233478,0,0,0,1,0,0,0,0,0,0,0,1,0,0,0,0,1,0,0,0,0
181,1073,1,0,37.0,1,1,83.1583,17756,52,1,0,0,0,0,0,0,1,0,0,0,0,0,0,0,1,0,0,0,1
182,1074,1,1,18.0,1,0,53.1,113773,30,0,0,1,0,0,0,1,0,0,0,0,0,0,0,0,0,1,0,0,1
183,1075,3,0,30.272590361445783,0,0,7.75,7935,0,0,1,0,0,0,0,0,0,0,0,1,0,0,0,0,1,0,0,0,0
184,1076,1,1,27.0,1,1,247.5208,17558,58,1,0,0,0,1,0,0,0,0,0,0,0,0,0,0,0,1,0,0,1
185,1077,2,0,40.0,0,0,16.0,239059,0,0,0,1,0,0,0,0,0,0,0,1,0,0,0,0,1,0,0,0,0
186,1078,2,1,21.0,0,1,21.0,2,0,0,0,1,0,0,0,0,0,0,0,1,0,0,0,1,0,0,0,0,1
187,1079,3,0,17.0,2,0,8.05,48873,0,0,0,1,0,0,0,0,0,0,0,1,0,0,0,0,1,0,0,0,0
188,1080,3,1,30.272590361445783,8,2,69.55,2343,0,0,0,1,0,0,0,0,0,0,0,1,0,0,0,1,0,0,0,0,0
189,1081,2,0,40.0,0,0,13.0,28221,0,0,0,1,0,0,0,0,0,0,0,1,0,0,0,0,1,0,0,0,0
190,1082,2,0,34.0,1,0,26.0,226875,0,0,0,1,0,0,0,0,0,0,0,1,0,0,0,0,1,0,0,0,0
191,1083,1,0,30.272590361445783,0,0,26.0,111163,0,0,0,1,0,0,0,0,0,0,0,1,0,0,0,0,1,0,0,0,0
192,1084,3,0,11.5,1,1,14.5,851,0,0,0,1,0,0,0,0,0,0,0,1,0,0,1,0,0,0,0,0,1
193,1085,2,0,61.0,0,0,12.35,235509,0,0,1,0,0,0,0,0,0,0,0,1,0,0,0,0,1,0,0,0,0
194,1086,2,0,8.0,0,2,32.5,28220,0,0,0,1,0,0,0,0,0,0,0,1,0,0,1,0,0,0,0,0,1
195,1087,3,0,33.0,0,0,7.8542,347465,0,0,0,1,0,0,0,0,0,0,0,1,0,0,0,0,1,0,0,0,0
196,1088,1,0,6.0,0,2,134.5,16966,34,1,0,0,0,0,0,0,1,0,0,0,0,0,1,0,0,0,0,0,1
197,1089,3,1,18.0,0,0,7.775,347066,0,0,0,1,0,0,0,0,0,0,0,1,0,0,0,1,0,0,0,0,1
198,1090,2,0,23.0,0,0,10.5,31030,0,0,0,1,0,0,0,0,0,0,0,1,0,0,0,0,1,0,0,0,0
199,1091,3,1,30.272590361445783,0,0,8.1125,65305,0,0,0,1,0,0,0,0,0,0,0,1,0,0,0,0,0,1,0,0,1
200,1092,3,1,30.272590361445783,0,0,15.5,36568,0,0,1,0,0,0,0,0,0,0,0,1,0,0,0,1,0,0,0,0,0
201,1093,3,0,0.33,0,2,14.4,347080,0,0,0,1,0,0,0,0,0,0,0,1,0,0,1,0,0,0,0,0,1
202,1094,1,0,47.0,1,0,227.525,17757,62,1,0,0,0,0,1,0,0,0,0,0,1,0,0,0,0,0,0,0,1
203,1095,2,1,8.0,1,1,26.0,26360,0,0,0,1,0,0,0,0,0,0,0,1,0,0,0,1,0,0,0,0,1
204,1096,2,0,25.0,0,0,10.5,34050,0,0,0,1,0,0,0,0,0,0,0,1,0,0,0,0,1,0,0,0,0
205,1097,1,0,30.272590361445783,0,0,25.7417,12998,0,1,0,0,0,0,0,0,0,0,0,1,0,0,0,0,1,0,0,0,0
206,1098,3,1,35.0,0,0,7.75,9232,0,0,1,0,0,0,0,0,0,0,0,1,0,0,0,1,0,0,0,0,1
207,1099,2,0,24.0,0,0,10.5,28034,0,0,0,1,0,0,0,0,0,0,0,1,0,0,0,0,1,0,0,0,0
208,1100,1,1,33.0,0,0,27.7208,17613,11,1,0,0,1,0,0,0,0,0,0,0,0,0,0,1,0,0,0,0,1
209,1101,3,0,25.0,0,0,7.8958,349250,0,0,0,1,0,0,0,0,0,0,0,1,0,0,0,0,1,0,0,0,0
210,1102,3,0,32.0,0,0,22.525,4001,0,0,0,1,0,0,0,0,0,0,0,1,0,0,0,0,1,0,0,0,0
211,1103,3,0,30.272590361445783,0,0,7.05,3101308,0,0,0,1,0,0,0,0,0,0,0,1,0,0,0,0,1,0,0,0,0
212,1104,2,0,17.0,0,0,73.5,14879,0,0,0,1,0,0,0,0,0,0,0,1,0,0,0,0,1,0,0,0,0
213,1105,2,1,60.0,1,0,26.0,24065,0,0,0,1,0,0,0,0,0,0,0,1,0,0,0,0,0,1,0,0,1
214,1106,3,1,38.0,4,2,7.775,347091,0,0,0,1,0,0,0,0,0,0,0,1,0,0,0,1,0,0,0,0,0
215,1107,1,0,42.0,0,0,42.5,113038,11,0,0,1,0,1,0,0,0,0,0,0,0,0,0,0,1,0,0,0,0
216,1108,3,1,30.272590361445783,0,0,7.8792,330924,0,0,1,0,0,0,0,0,0,0,0,1,0,0,0,1,0,0,0,0,0
217,1109,1,0,57.0,1,1,164.8667,36928,0,0,0,1,0,0,0,0,0,0,0,1,0,0,0,0,1,0,0,0,0
218,1110,1,1,50.0,1,1,211.5,113503,80,1,0,0,0,0,1,0,0,0,0,0,0,0,0,0,0,1,0,0,1
219,1111,3,0,30.272590361445783,0,0,8.05,32302,0,0,0,1,0,0,0,0,0,0,0,1,0,0,0,0,1,0,0,0,0
220,1112,2,1,30.0,1,0,13.8583,2148,0,1,0,0,0,0,0,0,0,0,0,1,0,0,0,1,0,0,0,0,1
221,1113,3,0,21.0,0,0,8.05,342684,0,0,0,1,0,0,0,0,0,0,0,1,0,0,0,0,1,0,0,0,0
222,1114,2,1,22.0,0,0,10.5,14266,33,0,0,1,0,0,0,0,0,1,0,0,0,0,0,0,0,1,0,0,1
223,1115,3,0,21.0,0,0,7.7958,350053,0,0,0,1,0,0,0,0,0,0,0,1,0,0,0,0,1,0,0,0,0
224,1116,1,1,53.0,0,0,27.4458,17606,0,1,0,0,0,0,0,0,0,0,0,1,0,0,0,0,0,1,0,0,1
225,1117,3,1,30.272590361445783,0,2,15.2458,2661,0,1,0,0,0,0,0,0,0,0,0,1,0,0,0,0,0,1,0,0,1
226,1118,3,0,23.0,0,0,7.7958,350054,0,0,0,1,0,0,0,0,0,0,0,1,0,0,0,0,1,0,0,0,0
227,1119,3,1,30.272590361445783,0,0,7.75,370368,0,0,1,0,0,0,0,0,0,0,0,1,0,0,0,1,0,0,0,0,0
228,1120,3,0,40.5,0,0,15.1,6212,0,0,0,1,0,0,0,0,0,0,0,1,0,0,0,0,1,0,0,0,0
229,1121,2,0,36.0,0,0,13.0,242963,0,0,0,1,0,0,0,0,0,0,0,1,0,0,0,0,1,0,0,0,0
230,1122,2,0,14.0,0,0,65.0,220845,0,0,0,1,0,0,0,0,0,0,0,1,0,0,0,0,1,0,0,0,0
231,1123,1,1,21.0,0,0,26.55,113795,0,0,0,1,0,0,0,0,0,0,0,1,0,0,0,1,0,0,0,0,1
232,1124,3,0,21.0,1,0,6.4958,3101266,0,0,0,1,0,0,0,0,0,0,0,1,0,0,0,0,1,0,0,0,0
233,1125,3,0,30.272590361445783,0,0,7.8792,330971,0,0,1,0,0,0,0,0,0,0,0,1,0,0,0,0,1,0,0,0,0
234,1126,1,0,39.0,1,0,71.2833,17599,85,1,0,0,0,0,1,0,0,0,0,0,0,0,0,0,1,0,0,0,0
235,1127,3,0,20.0,0,0,7.8542,350416,0,0,0,1,0,0,0,0,0,0,0,1,0,0,0,0,1,0,0,0,0
236,1128,1,0,64.0,1,0,75.25,110813,37,1,0,0,0,0,0,1,0,0,0,0,0,0,0,0,1,0,0,0,0
237,1129,3,0,20.0,0,0,7.225,2679,0,1,0,0,0,0,0,0,0,0,0,1,0,0,0,0,1,0,0,0,0
238,1130,2,1,18.0,1,1,13.0,250650,0,0,0,1,0,0,0,0,0,0,0,1,0,0,0,1,0,0,0,0,1
239,1131,1,1,48.0,1,0,106.425,17761,86,1,0,0,0,0,1,0,0,0,0,0,0,0,0,0,0,1,0,0,1
240,1132,1,1,55.0,0,0,27.7208,112377,0,1,0,0,0,0,0,0,0,0,0,1,0,0,0,0,0,1,0,0,1
241,1133,2,1,45.0,0,2,30.0,237789,0,0,0,1,0,0,0,0,0,0,0,1,0,0,0,0,0,1,0,0,1
242,1134,1,0,45.0,1,1,134.5,16966,34,1,0,0,0,0,0,0,1,0,0,0,0,0,0,0,1,0,0,0,1
243,1135,3,0,30.272590361445783,0,0,7.8875,3470,0,0,0,1,0,0,0,0,0,0,0,1,0,0,0,0,1,0,0,0,0
244,1136,3,0,30.272590361445783,1,2,23.45,6607,0,0,0,1,0,0,0,0,0,0,0,1,0,0,1,0,0,0,0,0,1
245,1137,1,0,41.0,1,0,51.8625,17464,21,0,0,1,0,0,0,1,0,0,0,0,0,0,0,0,1,0,0,0,1
246,1138,2,1,22.0,0,0,21.0,13534,0,0,0,1,0,0,0,0,0,0,0,1,0,0,0,0,0,1,0,0,1
247,1139,2,0,42.0,1,1,32.5,28220,0,0,0,1,0,0,0,0,0,0,0,1,0,0,0,0,1,0,0,0,0
248,1140,2,1,29.0,1,0,26.0,26707,0,0,0,1,0,0,0,0,0,0,0,1,0,0,0,0,0,1,0,0,1
249,1141,3,1,30.272590361445783,1,0,14.4542,2660,0,1,0,0,0,0,0,0,0,0,0,1,0,0,0,0,0,1,0,0,1
250,1142,2,1,0.92,1,2,27.75,34651,0,0,0,1,0,0,0,0,0,0,0,1,0,0,0,1,0,0,0,0,1
251,1143,3,0,20.0,0,0,7.925,3101284,0,0,0,1,0,0,0,0,0,0,0,1,0,0,0,0,1,0,0,0,0
252,1144,1,0,27.0,1,0,136.7792,13508,89,1,0,0,0,0,1,0,0,0,0,0,0,0,0,0,1,0,0,0,1
253,1145,3,0,24.0,0,0,9.325,7266,0,0,0,1,0,0,0,0,0,0,0,1,0,0,0,0,1,0,0,0,0
254,1146,3,0,32.5,0,0,9.5,345775,0,0,0,1,0,0,0,0,0,0,0,1,0,0,0,0,1,0,0,0,0
255,1147,3,0,30.272590361445783,0,0,7.55,42795,0,0,0,1,0,0,0,0,0,0,0,1,0,0,0,0,1,0,0,0,0
256,1148,3,0,30.272590361445783,0,0,7.75,3130,0,0,1,0,0,0,0,0,0,0,0,1,0,0,0,0,1,0,0,0,0
257,1149,3,0,28.0,0,0,8.05,363611,0,0,0,1,0,0,0,0,0,0,0,1,0,0,0,0,1,0,0,0,0
258,1150,2,1,19.0,0,0,13.0,28404,0,0,0,1,0,0,0,0,0,0,0,1,0,0,0,1,0,0,0,0,1
259,1151,3,0,21.0,0,0,7.775,345501,0,0,0,1,0,0,0,0,0,0,0,1,0,0,0,0,1,0,0,0,0
260,1152,3,0,36.5,1,0,17.4,345572,0,0,0,1,0,0,0,0,0,0,0,1,0,0,0,0,1,0,0,0,0
261,1153,3,0,21.0,0,0,7.8542,350410,0,0,0,1,0,0,0,0,0,0,0,1,0,0,0,0,1,0,0,0,0
262,1154,2,1,29.0,0,2,23.0,29103,0,0,0,1,0,0,0,0,0,0,0,1,0,0,0,0,0,1,0,0,1
263,1155,3,1,1.0,1,1,12.1833,350405,0,0,0,1,0,0,0,0,0,0,0,1,0,0,0,1,0,0,0,0,1
264,1156,2,0,30.0,0,0,12.7375,34644,0,1,0,0,0,0,0,0,0,0,0,1,0,0,0,0,1,0,0,0,0
265,1157,3,0,30.272590361445783,0,0,7.8958,349235,0,0,0,1,0,0,0,0,0,0,0,1,0,0,0,0,1,0,0,0,0
266,1158,1,0,30.272590361445783,0,0,0.0,112051,0,0,0,1,0,0,0,0,0,0,0,1,0,0,0,0,1,0,0,0,0
267,1159,3,0,30.272590361445783,0,0,7.55,49867,0,0,0,1,0,0,0,0,0,0,0,1,0,0,0,0,1,0,0,0,0
268,1160,3,1,30.272590361445783,0,0,8.05,39186,0,0,0,1,0,0,0,0,0,0,0,1,0,0,0,1,0,0,0,0,0
269,1161,3,0,17.0,0,0,8.6625,315095,0,0,0,1,0,0,0,0,0,0,0,1,0,0,0,0,1,0,0,0,0
270,1162,1,0,46.0,0,0,75.2417,13050,6,1,0,0,0,0,1,0,0,0,0,0,0,0,0,0,1,0,0,0,0
271,1163,3,0,30.272590361445783,0,0,7.75,368573,0,0,1,0,0,0,0,0,0,0,0,1,0,0,0,0,1,0,0,0,0
272,1164,1,1,26.0,1,0,136.7792,13508,89,1,0,0,0,0,1,0,0,0,0,0,0,0,0,0,0,1,0,0,1
273,1165,3,1,30.272590361445783,1,0,15.5,370371,0,0,1,0,0,0,0,0,0,0,0,1,0,0,0,1,0,0,0,0,1
274,1166,3,0,30.272590361445783,0,0,7.225,2676,0,1,0,0,0,0,0,0,0,0,0,1,0,0,0,0,1,0,0,0,0
275,1167,2,1,20.0,1,0,26.0,236853,0,0,0,1,0,0,0,0,0,0,0,1,0,0,0,1,0,0,0,0,1
276,1168,2,0,28.0,0,0,10.5,14888,0,0,0,1,0,0,0,0,0,0,0,1,0,0,0,0,1,0,0,0,0
277,1169,2,0,40.0,1,0,26.0,2926,0,0,0,1,0,0,0,0,0,0,0,1,0,0,0,0,1,0,0,0,0
278,1170,2,0,30.0,1,0,21.0,31352,0,0,0,1,0,0,0,0,0,0,0,1,0,0,0,0,1,0,0,0,0
279,1171,2,0,22.0,0,0,10.5,14260,0,0,0,1,0,0,0,0,0,0,0,1,0,0,0,0,1,0,0,0,0
280,1172,3,1,23.0,0,0,8.6625,315085,0,0,0,1,0,0,0,0,0,0,0,1,0,0,0,1,0,0,0,0,0
281,1173,3,0,0.75,1,1,13.775,3101315,0,0,0,1,0,0,0,0,0,0,0,1,0,0,1,0,0,0,0,0,1
282,1174,3,1,30.272590361445783,0,0,7.75,364859,0,0,1,0,0,0,0,0,0,0,0,1,0,0,0,1,0,0,0,0,0
283,1175,3,1,9.0,1,1,15.2458,2650,0,1,0,0,0,0,0,0,0,0,0,1,0,0,0,1,0,0,0,0,0
284,1176,3,1,2.0,1,1,20.2125,370129,0,0,0,1,0,0,0,0,0,0,0,1,0,0,0,1,0,0,0,0,1
285,1177,3,0,36.0,0,0,7.25,21175,0,0,0,1,0,0,0,0,0,0,0,1,0,0,0,0,1,0,0,0,0
286,1178,3,0,30.272590361445783,0,0,7.25,3101314,0,0,0,1,0,0,0,0,0,0,0,1,0,0,0,0,1,0,0,0,0
287,1179,1,0,24.0,1,0,82.2667,21228,45,0,0,1,0,1,0,0,0,0,0,0,0,0,0,0,1,0,0,0,1
288,1180,3,0,30.272590361445783,0,0,7.2292,2655,0,1,0,0,0,0,0,0,0,1,0,0,0,0,0,0,1,0,0,0,0
289,1181,3,0,30.272590361445783,0,0,8.05,1478,0,0,0,1,0,0,0,0,0,0,0,1,0,0,0,0,1,0,0,0,0
290,1182,1,0,30.272590361445783,0,0,39.6,17607,0,0,0,1,0,0,0,0,0,0,0,1,0,0,0,0,1,0,0,0,0
291,1183,3,1,30.0,0,0,6.95,382650,0,0,1,0,0,0,0,0,0,0,0,1,0,0,0,1,0,0,0,0,0
292,1184,3,0,30.272590361445783,0,0,7.2292,2652,0,1,0,0,0,0,0,0,0,0,0,1,0,0,0,0,1,0,0,0,0
293,1185,1,0,53.0,1,1,81.8583,33638,34,0,0,1,1,0,0,0,0,0,0,0,0,1,0,0,0,0,0,0,1
294,1186,3,0,36.0,0,0,9.5,345771,0,0,0,1,0,0,0,0,0,0,0,1,0,0,0,0,1,0,0,0,0
295,1187,3,0,26.0,0,0,7.8958,349202,0,0,0,1,0,0,0,0,0,0,0,1,0,0,0,0,1,0,0,0,0
296,1188,2,1,1.0,1,2,41.5792,2123,0,1,0,0,0,0,0,0,0,0,0,1,0,0,0,1,0,0,0,0,1
297,1189,3,0,30.272590361445783,2,0,21.6792,2662,0,1,0,0,0,0,0,0,0,0,0,1,0,0,0,0,1,0,0,0,0
298,1190,1,0,30.0,0,0,45.5,113801,0,0,0,1,0,0,0,0,0,0,0,1,0,0,0,0,1,0,0,0,0
299,1191,3,0,29.0,0,0,7.8542,347467,0,0,0,1,0,0,0,0,0,0,0,1,0,0,0,0,1,0,0,0,0
300,1192,3,0,32.0,0,0,7.775,347079,0,0,0,1,0,0,0,0,0,0,0,1,0,0,0,0,1,0,0,0,0
301,1193,2,0,30.272590361445783,0,0,15.0458,237735,0,1,0,0,0,0,0,1,0,0,0,0,0,0,0,0,1,0,0,0,0
302,1194,2,0,43.0,0,1,21.0,2,0,0,0,1,0,0,0,0,0,0,0,1,0,0,0,0,1,0,0,0,0
303,1195,3,0,24.0,0,0,8.6625,315092,0,0,0,1,0,0,0,0,0,0,0,1,0,0,0,0,1,0,0,0,0
304,1196,3,1,30.272590361445783,0,0,7.75,383123,0,0,1,0,0,0,0,0,0,0,0,1,0,0,0,1,0,0,0,0,0
305,1197,1,1,64.0,1,1,26.55,112901,26,0,0,1,0,1,0,0,0,0,0,0,0,0,0,0,0,1,0,0,1
306,1198,1,0,30.0,1,2,151.55,113781,22,0,0,1,0,0,1,0,0,0,0,0,0,0,0,0,1,0,0,0,0
307,1199,3,0,0.83,0,1,9.35,392091,0,0,0,1,0,0,0,0,0,0,0,1,0,0,1,0,0,0,0,0,1
308,1200,1,0,55.0,1,1,93.5,12749,69,0,0,1,0,1,0,0,0,0,0,0,0,0,0,0,1,0,0,0,1
309,1201,3,1,45.0,1,0,14.1083,350026,0,0,0,1,0,0,0,0,0,0,0,1,0,0,0,0,0,1,0,0,0
310,1202,3,0,18.0,0,0,8.6625,315091,0,0,0,1,0,0,0,0,0,0,0,1,0,0,0,0,1,0,0,0,0
311,1203,3,0,22.0,0,0,7.225,2658,0,1,0,0,0,0,0,0,0,0,0,1,0,0,0,0,1,0,0,0,0
312,1204,3,0,30.272590361445783,0,0,7.575,1588,0,0,0,1,0,0,0,0,0,0,0,1,0,0,0,0,1,0,0,0,0
313,1205,3,1,37.0,0,0,7.75,368364,0,0,1,0,0,0,0,0,0,0,0,1,0,0,0,1,0,0,0,0,0
314,1206,1,1,55.0,0,0,135.6333,17760,32,1,0,0,0,0,1,0,0,0,0,0,0,0,0,0,0,1,0,0,1
315,1207,3,1,17.0,0,0,7.7333,30631,0,0,1,0,0,0,0,0,0,0,0,1,0,0,0,1,0,0,0,0,1
316,1208,1,0,57.0,1,0,146.5208,17569,78,1,0,0,0,1,0,0,0,0,0,0,0,0,0,0,1,0,0,0,0
317,1209,2,0,19.0,0,0,10.5,28004,0,0,0,1,0,0,0,0,0,0,0,1,0,0,0,0,1,0,0,0,0
318,1210,3,0,27.0,0,0,7.8542,350408,0,0,0,1,0,0,0,0,0,0,0,1,0,0,0,0,1,0,0,0,0
319,1211,2,0,22.0,2,0,31.5,31029,0,0,0,1,0,0,0,0,0,0,0,1,0,0,0,0,1,0,0,0,0
320,1212,3,0,26.0,0,0,7.775,347075,0,0,0,1,0,0,0,0,0,0,0,1,0,0,0,0,1,0,0,0,0
321,1213,3,0,25.0,0,0,7.2292,2654,0,1,0,0,0,0,0,0,0,1,0,0,0,0,0,0,1,0,0,0,0
322,1214,2,0,26.0,0,0,13.0,244368,2,0,0,1,0,0,0,0,0,1,0,0,0,0,0,0,1,0,0,0,0
323,1215,1,0,33.0,0,0,26.55,113790,0,0,0,1,0,0,0,0,0,0,0,1,0,0,0,0,1,0,0,0,0
324,1216,1,1,39.0,0,0,211.3375,24160,0,0,0,1,0,0,0,0,0,0,0,1,0,0,0,1,0,0,0,0,1
325,1217,3,0,23.0,0,0,7.05,3101309,0,0,0,1,0,0,0,0,0,0,0,1,0,0,0,0,1,0,0,0,0
326,1218,2,1,12.0,2,1,39.0,230136,4,0,0,1,0,0,0,0,0,1,0,0,0,0,0,1,0,0,0,0,1
327,1219,1,0,46.0,0,0,79.2,17585,0,1,0,0,0,0,0,0,0,0,0,1,0,0,0,0,1,0,0,0,0
328,1220,2,0,29.0,1,0,26.0,2003,0,0,0,1,0,0,0,0,0,0,0,1,0,0,0,0,1,0,0,0,0
329,1221,2,0,21.0,0,0,13.0,236854,0,0,0,1,0,0,0,0,0,0,0,1,0,0,0,0,1,0,0,0,0
330,1222,2,1,48.0,0,2,36.75,33112,0,0,0,1,0,0,0,0,0,0,0,1,0,0,0,0,0,1,0,0,1
331,1223,1,0,39.0,0,0,29.7,17580,18,1,0,0,1,0,0,0,0,0,0,0,0,0,0,0,1,0,0,0,0
332,1224,3,0,30.272590361445783,0,0,7.225,2684,0,1,0,0,0,0,0,0,0,0,0,1,0,0,0,0,1,0,0,0,0
333,1225,3,1,19.0,1,1,15.7417,2653,0,1,0,0,0,0,0,0,0,0,0,1,0,0,0,0,0,1,0,0,1
334,1226,3,0,27.0,0,0,7.8958,349229,0,0,0,1,0,0,0,0,0,0,0,1,0,0,0,0,1,0,0,0,0
335,1227,1,0,30.0,0,0,26.0,110469,106,0,0,1,0,0,1,0,0,0,0,0,0,0,0,0,1,0,0,0,0
336,1228,2,0,32.0,0,0,13.0,244360,0,0,0,1,0,0,0,0,0,0,0,1,0,0,0,0,1,0,0,0,0
337,1229,3,0,39.0,0,2,7.2292,2675,0,1,0,0,0,0,0,0,0,0,0,1,0,0,0,0,1,0,0,0,0
338,1230,2,0,25.0,0,0,31.5,31029,0,0,0,1,0,0,0,0,0,0,0,1,0,0,0,0,1,0,0,0,0
339,1231,3,0,30.272590361445783,0,0,7.2292,2622,0,1,0,0,0,0,0,0,0,0,0,1,0,0,1,0,0,0,0,0,1
340,1232,2,0,18.0,0,0,10.5,15185,0,0,0,1,0,0,0,0,0,0,0,1,0,0,0,0,1,0,0,0,0
341,1233,3,0,32.0,0,0,7.5792,350403,0,0,0,1,0,0,0,0,0,0,0,1,0,0,0,0,1,0,0,0,0
342,1234,3,0,30.272590361445783,1,9,69.55,2343,0,0,0,1,0,0,0,0,0,0,0,1,0,0,0,0,1,0,0,0,0
343,1235,1,1,58.0,0,1,512.3292,17755,51,1,0,0,0,1,0,0,0,0,0,0,0,0,0,0,0,1,0,0,1
344,1236,3,0,30.272590361445783,1,1,14.5,851,0,0,0,1,0,0,0,0,0,0,0,1,0,0,1,0,0,0,0,0,1
345,1237,3,1,16.0,0,0,7.65,348125,0,0,0,1,0,0,0,0,0,0,0,1,0,0,0,1,0,0,0,0,1
346,1238,2,0,26.0,0,0,13.0,237670,0,0,0,1,0,0,0,0,0,0,0,1,0,0,0,0,1,0,0,0,0
347,1239,3,1,38.0,0,0,7.2292,2688,0,1,0,0,0,0,0,0,0,0,0,1,0,0,0,0,0,1,0,0,1
348,1240,2,0,24.0,0,0,13.5,248726,0,0,0,1,0,0,0,0,0,0,0,1,0,0,0,0,1,0,0,0,0
349,1241,2,1,31.0,0,0,21.0,13528,0,0,0,1,0,0,0,0,0,0,0,1,0,0,0,1,0,0,0,0,1
350,1242,1,1,45.0,0,1,63.3583,17759,10,1,0,0,0,0,0,1,0,0,0,0,0,0,0,0,0,1,0,0,1
351,1243,2,0,25.0,0,0,10.5,13540,0,0,0,1,0,0,0,0,0,0,0,1,0,0,0,0,1,0,0,0,0
352,1244,2,0,18.0,0,0,73.5,14879,0,0,0,1,0,0,0,0,0,0,0,1,0,0,0,0,1,0,0,0,0
353,1245,2,0,49.0,1,2,65.0,220845,0,0,0,1,0,0,0,0,0,0,0,1,0,0,0,0,1,0,0,0,0
354,1246,3,1,0.17,1,2,20.575,2315,0,0,0,1,0,0,0,0,0,0,0,1,0,0,0,1,0,0,0,0,1
355,1247,1,0,50.0,0,0,26.0,113044,60,0,0,1,0,0,0,0,1,0,0,0,0,0,0,0,1,0,0,0,0
356,1248,1,1,59.0,2,0,51.4792,11769,101,0,0,1,0,0,1,0,0,0,0,0,0,0,0,0,0,1,0,0,1
357,1249,3,0,30.272590361445783,0,0,7.8792,1222,0,0,0,1,0,0,0,0,0,0,0,1,0,0,0,0,1,0,0,0,0
358,1250,3,0,30.272590361445783,0,0,7.75,368402,0,0,1,0,0,0,0,0,0,0,0,1,0,0,0,0,1,0,0,0,0
359,1251,3,1,30.0,1,0,15.55,349910,0,0,0,1,0,0,0,0,0,0,0,1,0,0,0,0,0,1,0,0,1
360,1252,3,0,14.5,8,2,69.55,2343,0,0,0,1,0,0,0,0,0,0,0,1,0,0,1,0,0,0,0,0,0
361,1253,2,1,24.0,1,1,37.0042,2079,0,1,0,0,0,0,0,0,0,0,0,1,0,0,0,0,0,1,0,0,1
362,1254,2,1,31.0,0,0,21.0,31352,0,0,0,1,0,0,0,0,0,0,0,1,0,0,0,0,0,1,0,0,1
363,1255,3,0,27.0,0,0,8.6625,315083,0,0,0,1,0,0,0,0,0,0,0,1,0,0,0,0,1,0,0,0,0
364,1256,1,1,25.0,1,0,55.4417,11765,50,1,0,0,0,0,0,0,1,0,0,0,0,0,0,0,0,1,0,0,1
365,1257,3,1,30.272590361445783,1,9,69.55,2343,0,0,0,1,0,0,0,0,0,0,0,1,0,0,0,0,0,1,0,0,0
366,1258,3,0,30.272590361445783,1,0,14.4583,2689,0,1,0,0,0,0,0,0,0,0,0,1,0,0,0,0,1,0,0,0,0
367,1259,3,1,22.0,0,0,39.6875,3101295,0,0,0,1,0,0,0,0,0,0,0,1,0,0,0,1,0,0,0,0,0
368,1260,1,1,45.0,0,1,59.4,112378,0,1,0,0,0,0,0,0,0,0,0,1,0,0,0,0,0,1,0,0,1
369,1261,2,0,29.0,0,0,13.8583,2147,0,1,0,0,0,0,0,0,0,0,0,1,0,0,0,0,1,0,0,0,1
370,1262,2,0,21.0,1,0,11.5,28133,0,0,0,1,0,0,0,0,0,0,0,1,0,0,0,0,1,0,0,0,0
371,1263,1,1,31.0,0,0,134.5,16966,39,1,0,0,0,0,0,0,1,0,0,0,0,0,0,1,0,0,0,0,1
372,1264,1,0,49.0,0,0,0.0,112058,52,0,0,1,0,1,0,0,0,0,0,0,0,0,0,0,1,0,0,0,0
373,1265,2,0,44.0,0,0,13.0,248746,0,0,0,1,0,0,0,0,0,0,0,1,0,0,0,0,1,0,0,0,0
374,1266,1,1,54.0,1,1,81.8583,33638,34,0,0,1,1,0,0,0,0,0,0,0,0,0,0,0,0,1,0,0,1
375,1267,1,1,45.0,0,0,262.375,17608,0,1,0,0,0,0,0,0,0,0,0,1,0,0,0,1,0,0,0,0,1
376,1268,3,1,22.0,2,0,8.6625,315152,0,0,0,1,0,0,0,0,0,0,0,1,0,0,0,1,0,0,0,0,0
377,1269,2,0,21.0,0,0,11.5,29107,0,0,0,1,0,0,0,0,0,0,0,1,0,0,0,0,1,0,0,0,0
378,1270,1,0,55.0,0,0,50.0,680,39,0,0,1,0,0,1,0,0,0,0,0,0,0,0,0,1,0,0,0,0
379,1271,3,0,5.0,4,2,31.3875,347077,0,0,0,1,0,0,0,0,0,0,0,1,0,0,1,0,0,0,0,0,1
380,1272,3,0,30.272590361445783,0,0,7.75,366713,0,0,1,0,0,0,0,0,0,0,0,1,0,0,0,0,1,0,0,0,1
381,1273,3,0,26.0,0,0,7.8792,330910,0,0,1,0,0,0,0,0,0,0,0,1,0,0,0,0,1,0,0,0,0
382,1274,3,1,30.272590361445783,0,0,14.5,364498,0,0,0,1,0,0,0,0,0,0,0,1,0,0,0,0,0,1,0,0,1
383,1275,3,1,19.0,1,0,16.1,376566,0,0,0,1,0,0,0,0,0,0,0,1,0,0,0,0,0,1,0,0,1
384,1276,2,0,30.272590361445783,0,0,12.875,2159,0,0,0,1,0,0,0,0,0,0,0,1,0,0,0,0,1,0,0,0,0
385,1277,2,1,24.0,1,2,65.0,220845,0,0,0,1,0,0,0,0,0,0,0,1,0,0,0,1,0,0,0,0,1
386,1278,3,0,24.0,0,0,7.775,349911,0,0,0,1,0,0,0,0,0,0,0,1,0,0,0,0,1,0,0,0,0
387,1279,2,0,57.0,0,0,13.0,244346,0,0,0,1,0,0,0,0,0,0,0,1,0,0,0,0,1,0,0,0,0
388,1280,3,0,21.0,0,0,7.75,364858,0,0,1,0,0,0,0,0,0,0,0,1,0,0,0,0,1,0,0,0,0
389,1281,3,0,6.0,3,1,21.075,349909,0,0,0,1,0,0,0,0,0,0,0,1,0,0,1,0,0,0,0,0,1
390,1282,1,0,23.0,0,0,93.5,12749,24,0,0,1,0,1,0,0,0,0,0,0,0,0,0,0,1,0,0,0,1
391,1283,1,1,51.0,0,1,39.4,17592,28,0,0,1,0,0,0,1,0,0,0,0,0,0,0,0,0,1,0,0,1
392,1284,3,0,13.0,0,2,20.25,2673,0,0,0,1,0,0,0,0,0,0,0,1,0,0,1,0,0,0,0,0,1
393,1285,2,0,47.0,0,0,10.5,30769,0,0,0,1,0,0,0,0,0,0,0,1,0,0,0,0,1,0,0,0,0
394,1286,3,0,29.0,3,1,22.025,315153,0,0,0,1,0,0,0,0,0,0,0,1,0,0,0,0,1,0,0,0,0
395,1287,1,1,18.0,1,0,60.0,13695,31,0,0,1,0,0,1,0,0,0,0,0,0,0,0,0,0,1,0,0,1
396,1288,3,0,24.0,0,0,7.25,371109,0,0,1,0,0,0,0,0,0,0,0,1,0,0,0,0,1,0,0,0,0
397,1289,1,1,48.0,1,1,79.2,13567,41,1,0,0,0,1,0,0,0,0,0,0,0,0,0,0,0,1,0,0,1
398,1290,3,0,22.0,0,0,7.775,347065,0,0,0,1,0,0,0,0,0,0,0,1,0,0,0,0,1,0,0,0,0
399,1291,3,0,31.0,0,0,7.7333,21332,0,0,1,0,0,0,0,0,0,0,0,1,0,0,0,0,1,0,0,0,0
400,1292,1,1,30.0,0,0,164.8667,36928,7,0,0,1,0,0,1,0,0,0,0,0,0,0,0,1,0,0,0,0,1
401,1293,2,0,38.0,1,0,21.0,28664,0,0,0,1,0,0,0,0,0,0,0,1,0,0,0,0,1,0,0,0,0
402,1294,1,1,22.0,0,1,59.4,112378,0,1,0,0,0,0,0,0,0,0,0,1,0,0,0,1,0,0,0,0,1
403,1295,1,0,17.0,0,0,47.1,113059,0,0,0,1,0,0,0,0,0,0,0,1,0,0,0,0,1,0,0,0,0
404,1296,1,0,43.0,1,0,27.7208,17765,40,1,0,0,0,0,0,1,0,0,0,0,0,0,0,0,1,0,0,0,1
405,1297,2,0,20.0,0,0,13.8625,2166,38,1,0,0,0,0,0,1,0,0,0,0,0,0,0,0,1,0,0,0,1
406,1298,2,0,23.0,1,0,10.5,28666,0,0,0,1,0,0,0,0,0,0,0,1,0,0,0,0,1,0,0,0,0
407,1299,1,0,50.0,1,1,211.5,113503,80,1,0,0,0,0,1,0,0,0,0,0,0,0,0,0,1,0,0,0,0
408,1300,3,1,30.272590361445783,0,0,7.7208,334915,0,0,1,0,0,0,0,0,0,0,0,1,0,0,0,1,0,0,0,0,0
409,1301,3,1,3.0,1,1,13.775,3101315,0,0,0,1,0,0,0,0,0,0,0,1,0,0,0,1,0,0,0,0,1
410,1302,3,1,30.272590361445783,0,0,7.75,365237,0,0,1,0,0,0,0,0,0,0,0,1,0,0,0,1,0,0,0,0,0
411,1303,1,1,37.0,1,0,90.0,19928,78,0,1,0,0,0,1,0,0,0,0,0,0,0,0,0,0,1,0,0,1
412,1304,3,1,28.0,0,0,7.775,347086,0,0,0,1,0,0,0,0,0,0,0,1,0,0,0,1,0,0,0,0,0
413,1305,3,0,30.272590361445783,0,0,8.05,3236,0,0,0,1,0,0,0,0,0,0,0,1,0,0,0,0,1,0,0,0,0
414,1306,1,1,39.0,0,0,108.9,17758,105,1,0,0,0,0,1,0,0,0,0,0,0,0,0,0,0,0,0,0,1
415,1307,3,0,38.5,0,0,7.25,3101262,0,0,0,1,0,0,0,0,0,0,0,1,0,0,0,0,1,0,0,0,0
416,1308,3,0,30.272590361445783,0,0,8.05,359309,0,0,0,1,0,0,0,0,0,0,0,1,0,0,0,0,1,0,0,0,0
417,1309,3,0,30.272590361445783,1,1,22.3583,2668,0,1,0,0,0,0,0,0,0,0,0,1,0,0,1,0,0,0,0,0,1
